{"cameraMode":{"drawMode":0,"name":"Shaded","section":"Shading Mode"},"sceneLighting":true,"audioPlay":false,"sceneViewState":{"m_AlwaysRefresh":false,"showFog":true,"showSkybox":true,"showFlares":true,"showImageEffects":true,"showParticleSystems":true,"showVisualEffectGraphs":true,"m_FxEnabled":true},"in2DMode":false,"pivot":{"x":-4.305441379547119,"y":2.3001315593719484,"z":0.07220864295959473},"rotation":{"x":0.23940002918243409,"y":-0.3606020510196686,"z":0.09631483256816864,"w":0.8963193893432617},"size":16.28061866760254,"orthographic":false}